"6_yr_median_earnings","10_yr_median_earnings","school_name","unitid","total_enrollment"
27851,40628,Alabama A & M University,100654,6007
46572,54501,University of Alabama at Birmingham,100663,21639
30377,37621,Amridge University,100690,647
55610,61767,University of Alabama in Huntsville,100706,9237
27453,34502,Alabama State University,100724,3828
52233,59221,The University of Alabama,100751,38644
30739,33506,Central Alabama Community College,100760,1777
46266,50273,Athens State University,100812,2894
38216,44391,Auburn University at Montgomery,100830,5109
54629,65337,Auburn University,100858,31764
45229,59481,Birmingham-Southern College,100937,975
32196,36438,Chattahoochee Valley Community College,101028,1641
34115,34421,South University-Montgomery,101116,361
32883,42572,Enterprise State Community College,101143,2010
30808,34894,Coastal Alabama Community College,101161,6800
37313,43457,Faulkner University,101189,2817
29795,32937,Gadsden State Community College,101240,4352
15833,0,New Beginning College of Cosmetology,101277,45
28431,31399,George C Wallace Community College-Dothan,101286,3832
36129,39842,George C Wallace State Community College-Hanceville,101295,5965
25214,31598,George C Wallace State Community College-Selma,101301,1860
35295,36909,Herzing University-Birmingham,101365,578
42147,49601,Huntingdon College,101435,817
0,42597,Heritage Christian University,101453,143
27211,28281,J. F. Drake State Community and Technical College,101462,976
0,0,J F Ingram State Technical College,101471,768
40158,45235,Jacksonville State University,101480,9632
35502,40719,Jefferson State Community College,101505,8431
32579,38192,John C Calhoun State Community College,101514,8163
27733,31701,Lawson State Community College,101569,2919
37106,44232,University of West Alabama,101587,5860
30010,32307,Lurleen B Wallace Community College,101602,1929
45043,59644,Marion Military Institute,101648,320
25822,32627,Miles College,101675,1258
37411,43611,University of Mobile,101693,1804
35406,42957,University of Montevallo,101709,2586
31469,33828,Northwest Shoals Community College,101736,4032
38295,45415,University of North Alabama,101879,9830
31750,34913,Northeast Alabama Community College,101897,2590
30969,42488,Oakwood University,101912,1470
28287,28982,Reid State Technical College,101994,434
25100,29916,Bishop State Community College,102030,2968
49466,58469,Samford University,102049,5682
0,0,Selma University,102058,50
31581,35014,Shelton State Community College,102067,4166
32858,35735,Snead State Community College,102076,2507
41307,49379,University of South Alabama,102094,13438
41358,51500,Spring Hill College,102234,1046
29790,35421,Stillman College,102270,744
22613,32229,Talladega College,102298,903
28657,32183,H Councill Trenholm State Community College,102313,1984
39392,42062,Troy University,102368,14156
38332,49641,Tuskegee University,102377,2570
45521,55257,United States Sports Academy,102395,240
31129,34107,Bevill State Community College,102429,3703
42313,51871,University of Alaska Anchorage,102553,10464
0,0,Alaska Bible College,102580,39
40746,48866,University of Alaska Fairbanks,102614,6607
38811,48475,University of Alaska Southeast,102632,1923
47803,54271,Alaska Pacific University,102669,590
42187,51083,Alaska Vocational Technical Center,102711,202
35427,35504,Charter College,102845,2117
35863,34468,Alaska Career College,103501,268
19285,25073,Empire Beauty School-Tucson,103741,184
34062,36718,Carrington College-Phoenix North,103893,1048
34062,36718,Carrington College-Mesa,103909,532
34062,36718,Carrington College-Tucson,103927,446
19104,21201,Arizona Academy of Beauty,103954,34
26349,31102,Miller-Motte College-Arizona Automotive Institute,103963,411
32705,29576,Brookline College-Phoenix,104090,888
52843,62668,Arizona State University Campus Immersion,104151,80065
32165,36857,Arizona Western College,104160,8050
47665,59979,University of Arizona,104179,49403
36057,40513,Central Arizona College,104346,4652
16810,26269,Charles of Italy Beauty College,104391,85
33836,38033,Cochise County Community College District,104425,3797
20215,23921,Empire Beauty School-Chandler,104443,60
29562,30803,Avalon Institute-Mesa,104568,383
33246,38018,Eastern Arizona College,104577,4864
65391,84131,Embry-Riddle Aeronautical University-Prescott,104586,3162
0,0,The School of Architecture,104665,6
37269,43108,Glendale Community College,104708,13342
47280,42186,Grand Canyon University,104717,
42262,46147,GateWay Community College,105145,4699
38702,44034,Mesa Community College,105154,15772
33428,35522,Mohave Community College,105206,4038
42989,48341,Universal Technical Institute of Arizona Inc-Motorcycle Mechanics Institute Division,105215,658
23195,29188,Dine College,105297,1552
47308,54384,Northern Arizona University,105330,28086
29631,34199,Northland Pioneer College,105349,2740
36674,40870,Phoenix College,105428,9649
34622,39810,Pima Community College,105525,15293
37302,38673,Pima Medical Institute-Tucson,105534,2589
28599,30917,Pima Medical Institute-Albuquerque,105543,690
33539,42359,Prescott College,105589,969
47246,52953,Refrigeration School Inc,105659,1006
42314,41015,Rio Salado College,105668,17078
36340,35209,Roberto-Venn School of Luthiery,105677,27
39059,47905,Scottsdale Community College,105747,7065
35633,39825,South Mountain Community College,105792,3706
39524,51612,Arizona Christian University,105899,1082
47320,52873,Universal Technical Institute of Arizona Inc,106041,1972
35028,39890,Yavapai College,106148,6997
40040,45265,University of Arkansas at Little Rock,106245,8197
66491,73827,University of Arkansas for Medical Sciences,106263,3240
22652,28418,Arkansas Baptist College,106306,497
14638,18078,Arkansas Beauty School-Little Rock,106315,98
20636,16857,Arkansas Beauty College,106324,29
37629,44232,Lyon College,106342,496
16624,16209,Arkansas Technical School,106351,60
49686,58191,University of Arkansas,106397,30936
31161,35550,University of Arkansas at Pine Bluff,106412,2387
32587,36603,Arkansas State University-Beebe,106449,2928
38944,42617,Arkansas State University,106458,13190
37638,41766,Arkansas Tech University,106467,9445
31332,36902,University of Arkansas at Monticello,106485,2719
20177,21954,Arthur's Beauty College,106494,37
53393,62244,Baptist Health College Little Rock,106546,549
31263,34818,Black River Technical College,106625,1566
36670,45938,University of Central Arkansas,106704,9913
37681,46789,Central Baptist College,106713,564
30249,33775,Cossatot Community College of the University of Arkansas,106795,1278
33362,39533,Crowley's Ridge College,106810,201
26801,28471,East Arkansas Community College,106883,1179
18994,24765,Paul Mitchell the School-Little Rock,106908,358
28337,32444,National Park College,106980,2340
32636,33706,University of Arkansas Community College-Batesville,106999,1008
43555,52876,Harding University,107044,4805
35194,43459,Henderson State University,107071,2519
39913,60376,Hendrix College,107080,1144
16969,21563,Hot Springs Beauty College,107099,90
62090,73975,Jefferson Regional School of Nursing,107123,69
46114,53907,John Brown University,107141,2326
18556,21567,Career Academy of Hair Design,107220,230
17132,16941,Academy of Salon and Spa,107293,67
27557,31857,Arkansas State University Mid-South,107318,979
30674,33169,Arkansas Northeastern College,107327,1502
16629,18715,New Tyler Barber College Inc,107442,28
31671,34653,North Arkansas College,107460,1856
41241,41513,Northwest Technical Institute,107488,201
41697,51673,Ouachita Baptist University,107512,1784
33365,37374,Arkansas State University Three Rivers,107521,1832
28145,29314,Ozarka College,107549,983
37651,44384,University of the Ozarks,107558,784
32571,34924,University of Arkansas Community College-Morrilton,107585,1888
25254,38427,Philander Smith University,107600,769
27083,29552,Phillips Community College of the University of Arkansas,107619,1234
29235,33603,Southeast Arkansas College,107637,898
17198,26754,University of Aesthetics & Cosmetology,107655,27
30437,34722,University of Arkansas-Pulaski Technical College,107664,4245
30007,34162,University of Arkansas Hope-Texarkana,107725,1188
22765,30037,University of Arkansas Community College Rich Mountain,107743,679
29106,20077,Paul Mitchell the School-Arkansas,107789,109
0,19896,Searcy Beauty College,107831,84
15710,0,Shorter College,107840,321
38067,38484,Williams Baptist University,107877,584
30240,34521,South Arkansas College,107974,1162
37008,42386,Southern Arkansas University Main Campus,107983,5094
31841,36376,Southern Arkansas University Tech,107992,943
14400,17412,Velvatex College of Beauty Culture,108065,14
35925,41102,University of Arkansas-Fort Smith,108092,5379
30452,39008,Academy of Art University,108232,6786
0,0,Academy of Chinese Culture and Health Sciences,108269,111
34535,42563,College of Alameda,108667,5673
33531,42786,Allan Hancock College,108807,10329
17742,27019,American Academy of Dramatic Arts-Los Angeles,108852,220
0,0,Berkeley School of Theology,108861,88
0,0,American Film Institute Conservatory,108870,423
20569,22481,American Beauty College,108977,234
35013,38430,American Career College-Los Angeles,109040,1969
34072,40162,American River College,109208,27422
28110,36526,Antelope Valley Community College District,109350,11840
53562,71958,Art Center College of Design,109651,2420
20840,24368,Associated Technical College-Los Angeles,109721,202
22561,26688,Associated Technical College-San Diego,109730,94
56794,66677,Azusa Pacific University,109785,7169
29867,37291,Bakersfield College,109819,26873
30462,35104,Barstow Community College,109907,2884
19304,23576,Bellus Academy-Chula Vista,109934,398
37397,0,Bethesda University,110060,264
45752,56778,Biola University,110097,5387
63011,68767,Brownson Technical School,110194,264
32146,40283,Bryan University,110219,1767
33709,41810,Butte College,110246,9362
56360,48848,California Institute of Integral Studies,110316,2141
34990,44114,Cabrillo College,110334,9149
52336,61504,California Baptist University,110361,11495
38308,49414,California College of the Arts,110370,1501
0,0,University of California College of the Law-San Francisco,110398,1193
132140,128566,California Institute of Technology,110404,2401
54981,68712,California Lutheran University,110413,3615
72358,90768,California Polytechnic State University-San Luis Obispo,110422,22000
47218,66666,Alliant International University-San Diego,110468,3599
44282,59009,California State University-Bakersfield,110486,9613
47793,63188,California State University-Stanislaus,110495,10154
43149,59977,California State University-San Bernardino,110510,19803
54466,71902,California State Polytechnic University-Pomona,110529,27503
50493,64172,California State University-Chico,110538,14183
46827,57162,California State University-Dominguez Hills,110547,16426
44012,61244,California State University-Fresno,110556,23999
48558,62951,California State University-Fullerton,110565,40386
55546,71401,California State University-East Bay,110574,13673
50062,64403,California State University-Long Beach,110583,38973
45702,59211,California State University-Los Angeles,110592,26460
44372,59115,California State University-Northridge,110608,37579
51074,64876,California State University-Sacramento,110617,31818
74919,92446,University of California-Berkeley,110635,45307
58461,80838,University of California-Davis,110644,39679
56210,80735,University of California-Irvine,110653,35937
59063,82511,University of California-Los Angeles,110662,46430
48593,67699,University of California-Riverside,110671,26809
65669,84943,University of California-San Diego,110680,42006
0,0,University of California-San Francisco,110699,3140
56852,74915,University of California-Santa Barbara,110705,26420
49716,68396,University of California-Santa Cruz,110714,19478
0,0,Sofia University,110778,948
19518,22255,California Beauty School,110875,55
0,0,Haven University,111045,80
15702,19347,California Hair Design Academy,111054,144
28018,41198,California Institute of the Arts,111081,1440
84676,94784,California State University Maritime Academy,111188,849
0,0,California Western School of Law,111391,623
42044,50087,Canada College,111434,5388
37697,49022,College of the Canyons,111461,18075
19925,24410,Career Academy of Beauty,111513,205
50197,49854,Casa Loma College-Los Angeles,111638,415
33264,32986,CET-San Diego,111708,196
33264,32986,CET-San Jose,111717,183
33264,32986,CET-El Centro,111726,148
33264,32986,CET-Colton,111744,96
33264,32986,CET-Watsonville,111762,103
33264,32986,CET-Salinas,111799,157
32581,41156,Cerritos College,111887,19469
29462,34963,Cerro Coso Community College,111896,4919
40674,48143,Chabot College,111920,10736
33265,42975,Chaffey College,111939,19238
58080,70070,Chapman University,111948,10014
60939,83438,Charles R Drew University of Medicine and Science,111966,777
53777,65083,Concordia University-Irvine,112075,3744
39848,49766,San Diego Christian College,112084,355
0,0,Church Divinity School of the Pacific,112127,64
34753,42065,Citrus College,112172,9975
18681,0,Citrus Heights Beauty College,112181,143
34896,45805,City College of San Francisco,112190,16134
0,64372,Claremont Graduate University,112251,1903
87603,104736,Claremont McKenna College,112260,1389
28817,32493,Milan Institute-Visalia,112288,489
42777,50098,Clovis Adult Education,112367,210
42638,44483,Coastline Community College,112385,8077
39802,51017,University of Silicon Valley,112394,390
17269,21208,Coba Academy,112455,111
0,0,Western University of Health Sciences,112525,3724
32510,39035,Columbia College,112561,2349
33350,42014,California College of ASU,112570,291
28922,34181,Compton College,112686,4082
34342,40850,Contra Costa College,112826,5832
33490,42446,Cosumnes River College,113096,13294
35077,42553,Crafton Hills College,113111,5113
38541,46047,Cuesta College,113193,9908
29836,32435,Cuyamaca College,113218,8043
35285,43533,Cypress College,113236,13523
43179,56596,De Anza College,113333,16335
15318,19799,International School of Beauty Inc,113449,186
31085,39020,College of the Desert,113573,10382
46916,46920,Design Institute of San Diego,113582,101
0,0,Dharma Realm Buddhist University,113616,
38306,51378,Diablo Valley College,113634,16097
71477,84713,Dominican University of California,113698,1877
0,0,Dominican School of Philosophy & Theology,113704,62
33032,42006,East Los Angeles College,113856,27855
30790,41589,El Camino Community College District,113980,19944
0,0,Emperor's College of Traditional Oriental Medicine,114114,198
45445,43090,Empire College,114123,78
39807,53077,Evergreen Valley College,114266,7952
40974,49840,FIDM-Fashion Institute of Design & Merchandising,114354,914
33495,38142,Feather River Community College District,114433,1383
26329,29856,Federico Beauty Institute,114460,293
0,0,Fielding Graduate University,114549,1000
0,0,Five Branches University,114585,335
0,0,Redondo Beach Beauty College,114637,78
48920,57072,Foothill College,114716,12844
0,0,Franciscan School of Theology,114734,66
17889,21826,Fredrick and Charles Beauty College,114761,72
30049,37361,Fresno City College,114789,22609
51422,58896,Fresno Pacific University,114813,3032
0,0,Fuller Theological Seminary,114840,2089
34531,43366,Fullerton College,114859,18370
37804,47169,Gavilan College,114938,4561
43110,42588,Gemological Institute of America-Carlsbad,114947,154
32387,41540,Glendale Community College,115001,10658
38921,41472,Glendale Career College,115010,661
81704,87434,Golden Gate University,115083,2661
34462,43145,Golden West College,115126,10053
0,0,Graduate Theological Union,115214,172
31861,40309,Grossmont College,115296,12862
17045,21777,Salon Success Academy-Riverside,115357,171
36065,44316,Hartnell College,115393,8892
115107,138687,Harvey Mudd College,115409,922
25207,25477,Hilltop Beauty School,115658,102
0,0,Pacifica Graduate Institute,115746,851
37382,47626,California State Polytechnic University-Humboldt,115755,6025
40569,39248,Humphreys University-Stockton and Modesto Campuses,115773,393
28114,34487,Imperial Valley College,115861,7747
41768,38015,Institute for Business and Technology,115931,614
51615,54974,Interior Designers Institute,116226,96
35124,49156,Irvine Valley College,116439,10464
17642,30807,Bellus Academy-El Cajon,116563,187
0,61954,American Jewish University,116846,108
30023,38493,Reedley College,117052,7086
35814,43299,Life Pacific University,117104,500
53806,65464,University of La Verne,117140,5662
31987,47867,Laguna College of Art and Design,117168,760
30695,36657,Lake Tahoe Community College,117195,2519
13338,16220,Lancaster Beauty School,117238,66
30777,37282,Laney College,117247,9653
35316,35994,Lassen Community College,117274,1694
0,0,Latin American Bible Institute,117283,45
0,0,Life Chiropractic College West,117520,587
44602,53695,Lincoln University,117557,377
43014,39607,Southern California Seminary,117575,153
42617,61824,La Sierra University,117627,1614
88185,89816,Loma Linda University,117636,4280
31118,38870,Long Beach City College,117645,22402
33761,70649,Southern California University of Health Sciences,117672,1636
31241,41133,Los Angeles Harbor College,117690,7384
33606,44521,Los Angeles Pierce College,117706,15372
28065,32172,Los Angeles Southwest College,117715,4913
31801,35233,Los Angeles Trade Technical College,117724,10377
33987,42678,Los Angeles Valley College,117733,15037
41665,57106,The Master's University and Seminary,117751,2606
28854,36190,Los Angeles City College,117788,13199
106781,115318,Los Angeles County College of Nursing and Allied Health,117803,195
34437,39834,Los Angeles Mission College,117867,9283
35606,42454,Los Medanos College,117894,7791
62763,78349,Loyola Marymount University,117946,10165
22250,23148,Lu Ross Academy,117955,263
12878,25913,Lyle's College of Beauty,118134,90
12878,25913,Lyle's College of  Beauty,118143,88
23192,20358,Lytles Redwood Empire Beauty College,118161,117
36376,45328,MTI College,118198,952
35698,42654,College of Marin,118347,4283
33313,40243,Mendocino College,118684,3554
60608,76419,Menlo College,118693,800
31468,37815,Merced College,118718,10214
36329,44392,Merritt College,118772,6514
78413,92538,Northeastern University Oakland,118888,
37965,43845,MiraCosta College,118912,10860
44004,50936,Mission College,118930,5747
21766,22477,Modern Beauty Academy,118958,63
34568,42368,Modesto Junior College,118976,16224
19893,15204,Moler Barber College,118994,398
57291,76310,Middlebury Institute of International Studies at Monterey,119058,657
34496,42176,Monterey Peninsula College,119067,6514
37374,49044,Moorpark College,119137,12484
34928,46283,Mt San Antonio College,119164,26256
61335,72379,Mount Saint Mary's University,119173,2435
31078,38319,Mt San Jacinto Community College District,119216,15153
24962,32778,Musicians Institute,119270,851
40426,49517,Napa Valley College,119331,4134
24737,27978,National Holistic Institute,119553,1198
64331,67548,National University,119605,18631
0,0,Naval Postgraduate School,119678,2670
57073,68891,Newschool of Architecture and Design,119775,294
16629,27269,North Adrian's College of Beauty Inc,119951,193
36175,39876,North-West College-Pomona,120069,333
33145,37542,North-West College-West Covina,120078,625
32876,32488,North-West College-Van Nuys,120087,231
0,0,San Francisco Bay University,120166,164
57676,74576,Notre Dame de Namur University,120184,201
52209,75951,Occidental College,120254,1942
45622,54278,Ohlone College,120290,8358
35739,47348,Orange Coast College,120342,16615
43654,58152,Otis College of Art and Design,120403,1312
34643,41393,Oxnard College,120421,6339
36030,49697,Hope International University,120537,1116
39255,39169,Concorde Career College-San Diego,120661,730
63310,83187,Palo Alto University,120698,1149
47962,52485,Pacific Oaks College,120768,1068
0,0,Pacific School of Religion,120795,109
0,0,Pacific States University,120838,17
52713,70484,Pacific Union College,120865,870
62672,78445,University of the Pacific,120883,6277
30602,36389,Palo Verde College,120953,4639
37220,42300,Palomar College,120971,17655
32759,43937,Pasadena City College,121044,21923
64934,82939,Pepperdine University,121150,10030
51784,69512,Pitzer College,121257,1212
54811,63998,Point Loma Nazarene University,121309,4319
60850,77779,Pomona College,121345,1716
30202,36328,Porterville College,121363,4113
20634,16886,Professional Institute of Beauty,121433,119
36845,43552,Santa Ana College,121619,23852
0,0,Pardee RAND Graduate School,121628,126
16216,0,Shasta School of Cosmetology,121637,119
61686,72690,University of Redlands,121691,3460
31896,36243,College of the Redwoods,121707,4006
20927,26956,Salon Success Academy-Upland,121859,253
18725,22412,Salon Success Academy-Corona,121868,236
35115,44950,Rio Hondo College,121886,16139
32779,41091,Riverside City College,121901,19147
0,0,Dongguk University Los Angeles,122117,94
32703,42214,Sacramento City College,122180,17719
36605,50874,Saddleback College,122205,16660
143353,143238,Samuel Merritt University,122296,1911
31504,38503,San Diego City College,122339,12144
35773,45120,San Diego Mesa College,122375,18076
40327,48224,San Diego Miramar College,122384,13062
52620,64909,San Diego State University,122409,37402
64995,86522,University of San Diego,122436,8815
23988,0,San Francisco Conservatory of Music,122506,437
52650,68077,San Francisco State University,122597,25282
69951,89812,University of San Francisco,122612,9688
0,0,San Joaquin College of Law,122649,145
33920,43212,San Joaquin Delta College,122658,16168
36007,38317,San Joaquin Valley College-Visalia,122685,2265
36007,38317,San Joaquin Valley College-Bakersfield,122694,831
43163,56257,William Jessup University,122728,1624
39993,46215,San Jose City College,122746,7561
62448,78988,San Jose State University,122755,35751
43803,54172,College of San Mateo,122791,7512
35744,47647,Santa Barbara City College,122889,12413
91198,109183,Santa Clara University,122931,9178
31977,42193,Santa Monica College,122977,22375
40149,47224,Santa Rosa Junior College,123013,15552
0,0,Saybrook University,123095,1013
68027,77539,Scripps College,123165,1100
31439,39092,College of the Sequoias,123217,13170
32327,28891,Shasta Bible College and Graduate School,123280,33
32486,39269,Shasta College,123299,7363
35054,45294,Sierra College,123341,15766
21701,18519,Sierra College of Beauty,123350,157
41545,46989,Trinity Law School,123448,382
51256,54340,Simpson University,123457,874
34686,39098,College of the Siskiyous,123484,1204
38231,41047,Charles A Jones Career and Education Center,123493,98
41261,55702,Skyline College,123509,8523
32980,39676,San Bernardino Valley College,123527,10767
60388,78812,Saint Mary's College of California,123554,2765
35071,44170,Solano Community College,123563,8426
52179,65986,Sonoma State University,123572,6637
0,0,South Baylo University,123633,188
38599,44897,South Coast College,123642,237
43464,59541,Vanguard University of Southern California,123651,2256
42232,45711,Concorde Career College-Garden Grove,123679,803
33970,40060,Southwestern College,123800,16530
0,0,Starr King School for the Ministry,123916,85
0,0,Marshall B Ketchum University,123943,685
53274,71909,Southern California Institute of Architecture,123952,507
74461,92498,University of Southern California,123961,48945
0,0,Southwestern Law School,123970,927
33687,38861,Taft College,124113,4508
0,0,Claremont School of Theology,124283,196
40605,55619,Thomas Aquinas College,124292,516
33779,37822,Epic Bible College & Graduate School,124487,114
29172,31141,UEI College-Huntington Park,124681,1173
36222,39993,Concorde Career College-San Bernardino,124706,825
41796,50552,Concorde Career College-North Hollywood,124937,676
34084,43430,Ventura College,125028,10559
0,0,The Colleges of Law at Ventura,125037,255
17272,17287,Bridges Beauty College,125082,86
30153,36119,Victor Valley College,125091,12648
35404,41217,Berkeley City College,125170,6122
50657,42810,Walden University,125231,42312
19047,0,Waynes College of Beauty,125310,42
33449,37633,Coalinga College,125462,3061
32538,38537,West Los Angeles College,125471,8656
41764,51688,West Valley College,125499,6513
37870,39633,Carrington College-Sacramento,125532,1837
0,0,Westminster Theological Seminary in California,125718,101
53737,64778,Westmont College,125727,1284
46025,59492,Whittier College,125763,1192
47665,65668,Woodbury University,125897,943
0,0,The Wright Institute,126012,520
0,0,Thomas Jefferson School of Law,126049,271
17439,48361,Yeshiva Ohr Elchonon Chabad West Coast Talmudical Seminary,126076,142
32030,39552,Yuba College,126119,5401
38338,44372,Adams State University,126182,2854
39696,41887,Aims Community College,126207,7178
43676,48341,Arapahoe Community College,126289,12636
37156,39506,Bel-Rea Institute of Animal Technology,126359,205
52475,64270,University of Colorado Denver/Anschutz Medical Campus,126562,23744
45766,54659,University of Colorado Colorado Springs,126580,11431
55728,59093,Spartan College of Aeronautics and Technology,126605,284
54939,69738,University of Colorado Boulder,126614,39585
41623,50416,Colorado Christian University,126669,8964
47611,65222,Colorado College,126678,2203
40181,42456,Concorde Career College-Aurora,126687,731
36307,44127,Colorado Mountain College,126711,5184
39760,43526,Colorado Northwestern Community College,126748,1179
82950,97335,Colorado School of Mines,126775,7403
44718,51591,Colorado School of Trades,126784,130
49748,60543,Colorado State University-Fort Collins,126818,33403
30406,37180,Colorado Technical University-Colorado Springs,126827,24808
38842,44592,Community College of Aurora,126863,8343
38763,45516,Technical College of the Rockies,126915,261
36412,39095,Community College of Denver,126942,7292
42500,46396,Lincoln College of Technology-Denver,126951,1155
0,0,Denver Seminary,126979,874
57118,71155,University of Denver,127060,13734
31296,35487,Emily Griffith Technical College,127158,5313
36352,46349,Fort Lewis College,127185,3400
40548,45910,Front Range Community College,127200,19449
0,0,Iliff School of Theology,127273,185
23478,22332,International Salon and Spa Academy,127316,313
31813,38719,Lamar Community College,127389,668
39223,45823,Colorado Mesa University,127556,8905
45391,52093,Metropolitan State University of Denver,127565,16995
37293,39429,Morgan Community College,127617,1462
21841,28720,Naropa University,127653,1065
37119,41450,Nazarene Bible College,127714,566
36367,39893,Northeastern Junior College,127732,1446
43756,52231,University of Northern Colorado,127741,9380
34087,39018,Otero College,127778,999
35799,40796,Pikes Peak State College,127820,11899
33368,37434,Pueblo Community College,127884,6481
41495,46288,Red Rocks Community College,127909,6470
64557,72105,Regis University,127918,4668
30280,42958,Rocky Mountain College of Art and Design,127945,2050
24368,44643,Montessori Education Center of the Rockies,127954,45
43053,55563,Colorado State University Pueblo,128106,6617
36111,39210,Pickens Technical College,128151,941
36848,42169,Intellitec College-Colorado Springs,128179,691
29621,31541,Intellitec College-Grand Junction,128188,1105
36025,36475,Trinidad State College,128258,1505
0,0,United States Air Force Academy,128328,4085
19174,24397,Empire Beauty School-Thornton,128337,81
40037,46833,Western Colorado University,128391,3548
47153,60144,Albertus Magnus College,128498,1275
0,0,Bais Binyomin Academy,128586,60
38575,50323,University of Bridgeport,128744,3988
49016,58562,Central Connecticut State University,128771,9468
53779,64209,Charter Oak State College,128780,1602
25386,34866,Cortiva Institute,128896,202
49165,75001,Connecticut College,128902,1948
41103,42914,Porter & Chester Institute of Hamden,129002,426
63322,73997,University of Connecticut,129020,27003
40230,43596,Goodwin University,129154,3158
36485,38683,Lincoln Technical Institute-East Windsor,129181,973
47289,56469,Eastern Connecticut State University,129215,4082
73693,88794,Fairfield University,129242,6019
0,30900,Paul Mitchell the School-North Haven,129349,161
35849,41344,Connecticut State Community College,129367,2395
83054,102051,Rensselaer at Hartford,129428,115
25543,28710,American Institute-West Hartford,129482,369
0,0,Hartford International University for Religion and Peace,129491,92
42581,60823,University of Hartford,129525,5732
0,0,Holy Apostles College and Seminary,129534,719
35330,39115,Mitchell College,129774,539
36485,38683,Lincoln Technical Institute-New Britain,129923,638
46838,44444,New England Tractor Trailer Training School of Connecticut,129932,314
49829,60126,University of New Haven,129941,8819
0,0,Paier College,130110,221
37807,41588,Porter & Chester Institute,130174,2146
31401,38696,Post University,130183,17034
65744,83759,Quinnipiac University,130226,8788
63925,75059,Sacred Heart University,130253,10721
52053,59908,University of Saint Joseph,130314,1992
45422,55043,Southern Connecticut State University,130493,8889
67628,90779,Trinity College,130590,2205
0,0,United States Coast Guard Academy,130624,1037
60385,73897,Wesleyan University,130697,3253
45997,59115,Western Connecticut State University,130776,4417
81765,100533,Yale University,130794,14776
0,72380,Margaret H Rollins School of Nursing at Beebe Medical Center,130837,51
27702,30429,Dawn Career Institute LLC,130873,308
35336,41448,Delaware Technical Community College-Terry,130907,11726
37503,49307,Delaware State University,130934,5826
58846,72950,University of Delaware,130943,24039
45097,59892,Goldey-Beacom College,130989,1012
25058,27420,Schilling-Douglas School of Hair Design,131061,185
49635,53844,Wilmington University,131113,14020
61328,77370,American University,131159,13885
63217,73250,The Catholic University of America,131283,4968
36358,44236,University of the District of Columbia,131399,3577
0,0,Pontifical Faculty of the Immaculate Conception at the Dominican House of Studies,131405,73
36578,43101,Gallaudet University,131450,1322
71607,90873,George Washington University,131469,25939
83222,103494,Georgetown University,131496,20984
47379,63066,Howard University,131520,12886
36582,40092,Strayer University-District of Columbia,131803,362
0,0,National Conservatory of Dramatic Arts,131830,18
38533,53804,Trinity Washington University,131876,1895
0,0,Wesley Theological Seminary,131973,454
37819,38560,Atlantic Technical College,132374,2832
31489,42836,Baptist University of Florida,132408,410
47637,55966,Barry University,132471,6958
28282,38518,Bethune-Cookman University,132602,2727
41427,49006,Lynn University,132657,3520
31974,31683,North Florida Technical College,132675,45
32437,37195,Eastern Florida State College,132693,13114
33772,41939,Broward College,132709,30057
32168,41544,Albizu University-Miami,132842,864
33267,38203,College of Central Florida,132851,5483
35649,40596,Johnson University Florida,132879,155
47137,58308,University of Central Florida,132903,68346
31469,36349,Charlotte Technical College,132976,481
32129,37378,Chipola College,133021,1826
35937,36853,Lorenzo Walker Technical College,133155,675
32933,37096,Daytona State College,133386,11584
34115,34421,South University-West Palm Beach,133465,528
37505,51819,Eckerd College,133492,1993
37028,43421,Florida SouthWestern State College,133508,14326
29809,34782,Edward Waters University,133526,1181
65391,84131,Embry-Riddle Aeronautical University-Daytona Beach,133553,10271
36153,44349,Florida Agricultural and Mechanical University,133650,9215
45647,56746,Florida Atlantic University,133669,29592
36362,42244,Florida State College at Jacksonville,133702,20363
41963,49483,Flagler College,133711,2623
42430,43445,Florida College,133809,622
34027,34098,Concorde Career Institute-Jacksonville,133845,598
33128,35442,Concorde Career Institute-Miramar,133854,317
33985,36288,Concorde Career Institute-Tampa,133863,473
63230,72282,AdventHealth University,133872,1610
41941,43137,Florida Institute of Technology,133881,8315
47768,60249,Florida International University,133951,55609
40277,42508,The College of the Florida Keys,133960,920
28943,36624,Florida Memorial University,133979,1137
27999,28928,Florida Career College-Miami,133997,332
16915,26752,Florida School of Massage,134024,55
47749,55294,Florida Southern College,134079,3281
49814,61675,Florida State University,134097,44161
56398,71588,University of Florida,134130,55211
19581,23091,Fort Pierce Beauty Academy,134228,31
31917,38219,Full Sail University,134237,26737
35230,35234,George Stone Technical College,134291,663
47074,52312,George T Baker Aviation Technical College,134307,893
33651,38359,Gulf Coast State College,134343,4694
37719,42267,Key College,134422,23
34101,40782,Hillsborough Community College,134495,19504
25150,39863,Hobe Sound Bible College,134510,170
20710,21386,Hollywood Institute of Beauty Careers,134529,299
27841,29204,Cortiva Institute,134574,158
33822,38315,Indian River State College,134608,14862
22127,19824,International Academy,134714,396
61991,68010,Jacksonville University,134945,3837
37447,39696,Keiser University-Ft Lauderdale,135081,19020
15068,16879,La Belle Beauty School,135142,238
33237,37894,Florida Gateway College,135160,2706
30853,32793,Lake Technical College,135179,744
33193,39876,Lake-Sumter State College,135188,4460
36467,40082,Fort Myers Technical College,135267,562
29712,30413,Lively Technical College,135276,1430
30724,34107,Lindsey Hopkins Technical College,135294,476
22528,18342,Loraines Academy & Spa,135337,103
39300,47003,Luther Rice College & Seminary,135364,581
35254,40318,State College of Florida-Manatee-Sarasota,135391,8588
37820,38129,Manatee Technical College,135407,1054
34550,39813,Traviss Technical College,135522,337
26962,0,Merryfield Academy,135559,63
41545,46989,Trinity International University-Florida,135610,120
35651,35014,Miami Lakes Educational Center and Technical College,135647,850
33107,40654,Miami Dade College,135717,47245
61508,75328,University of Miami,135726,19402
32968,33350,Orange Technical College-South Campus,135735,2310
26450,34949,Paul Mitchell the School-Jacksonville,136109,124
32723,33929,North Florida College,136145,1127
46546,56343,University of North Florida,136172,16406
58153,59209,Nova Southeastern University,136215,20948
33606,39664,Northwest Florida State College,136233,4898
27013,36650,Orange Technical College,136303,142
42366,49232,Palm Beach Atlantic University,136330,3828
33729,41923,Palm Beach State College,136358,24223
34724,39903,Pasco-Hernando State College,136400,9202
32495,36739,Pensacola State College,136473,7981
30856,34627,Pinellas Technical College-Clearwater,136491,645
35602,40624,Polk State College,136516,8180
33574,35997,Radford M Locklin Technical College,136659,425
0,0,Saint Vincent de Paul Regional Seminary,136701,137
31904,33484,Ridge Technical College,136765,403
39650,43325,Ringling College of Art and Design,136774,1705
30120,37543,Robert Morgan Educational Center and Technical College,136826,805
48239,58295,Rollins College,136950,3029
33009,33784,First Coast Technical College,137023,373
41619,48364,Saint Leo University,137032,10242
36498,42557,St Petersburg College,137078,23501
31799,36188,Pinellas Technical College-St. Petersburg,137087,646
34919,41631,Santa Fe College,137096,12729
36094,40621,Suncoast Technical College,137120,1138
35589,41733,Seminole State College of Florida,137209,14323
32244,33166,Sheridan Technical College,137245,1475
0,0,St. John Vianney College Seminary,137272,51
35537,41728,Saint Johns River State College,137281,6434
32974,39990,South Florida State College,137315,2892
48328,57743,University of South Florida,137351,49600
44435,54272,St. Thomas University,137476,6370
44792,51642,Stetson University,137546,3928
36314,46744,Southeastern University,137564,10044
16768,19359,Bene's Career Academy,137591,244
26938,31778,Riveroak Technical College,137713,187
31904,37561,Tallahassee Community College,137759,11266
0,0,Talmudic College of Florida,137777,34
48397,59436,The University of Tampa,137847,10566
35988,27609,Big Bend Technical College,137856,227
30410,28254,Tom P. Haney Technical College,137865,424
33640,37275,Trinity Baptist College,137953,350
29914,32465,Trinity College of Florida,137962,204
32638,40594,Valencia College,138187,43370
39589,46086,Warner University,138275,849
29149,32320,Florida Panhandle Technical College,138284,306
37691,45606,Webber International University,138293,1133
41436,39080,Rasmussen University-Florida,138309,8620
42204,49137,University of West Florida,138354,13521
27166,25145,Orange Technical College-West Campus,138372,1569
34195,41656,William T McFatter Technical College,138479,811
31429,31858,Orange Technical College-East Campus,138488,2132
30652,34279,Withlacoochee Technical College,138497,383
35495,34996,Abraham Baldwin Agricultural College,138558,3647
41382,56274,Agnes Scott College,138600,1114
28375,27065,Interactive College of Technology-Chamblee,138655,543
28375,27065,Interactive College of Technology-Morrow,138664,93
26734,30541,Albany Technical College,138682,2577
35579,40674,Albany State University,138716,6334
30337,38475,Andrew College,138761,247
21399,23686,Georgia Career Institute,138822,593
27097,30350,Atlanta Technical College,138840,3125
36410,38740,Point University,138868,2015
26849,33252,Atlanta Metropolitan State College,138901,1435
0,0,Atlanta's John Marshall Law School,138929,342
24924,25301,Atlanta School of Massage,138938,333
28097,42712,Clark Atlanta University,138947,4000
29531,33523,Augusta Technical College,138956,3970
45014,53800,Berry College,139144,2360
21108,35236,Beulah Heights University,139153,371
41664,54003,Brenau University,139199,2704
35732,42009,Brewton-Parker College,139205,911
35382,39318,College of Coastal Georgia,139250,3147
32803,35479,West Georgia Technical College,139278,6140
41633,49179,Clayton  State University,139311,5847
0,0,Columbia Theological Seminary,139348,158
28884,34238,Columbus Technical College,139357,3134
39190,44544,Columbus State University,139366,7479
33044,35759,Georgia Northwestern Technical College,139384,6141
39570,50412,Covenant College,139393,886
37491,40251,Dalton State College,139463,4527
17765,21586,Pro Way Hair School,139506,58
34115,34421,South University-Savannah,139579,722
30593,37174,East Georgia State College,139621,1873
37595,38208,Emmanuel University,139630,850
74980,80137,Emory University,139658,14841
37516,43184,Georgia Highlands College,139700,4768
28649,36666,Fort Valley State University,139719,2605
64449,60726,Grady Health System Professional Schools,139746,61
89432,102772,Georgia Institute of Technology-Main Campus,139755,45296
42047,48757,Georgia Southwestern State University,139764,3070
50644,58140,Georgia College & State University,139861,6315
44423,53236,Georgia Southern University,139931,25481
37844,47384,Georgia State University,139940,36516
57565,68726,University of Georgia,139959,40607
33163,37871,Gordon State College,139968,3135
30708,36104,Southern Crescent Technical College,139986,5018
34466,42636,Gupton Jones College of Funeral Service,139995,486
33273,31422,Gwinnett College-Lilburn,140003,130
35660,45025,Gwinnett Technical College,140012,8450
0,0,Interdenominational Theological Center,140146,193
46599,51745,LaGrange College,140234,679
34471,37623,Lanier Technical College,140243,5599
37368,47397,Life University,140252,2753
31998,37138,Chattahoochee Technical College,140331,9017
35295,36909,Herzing University-Atlanta,140340,663
50231,58354,Mercer University,140447,8889
38267,52889,Morehouse College,140553,2567
0,0,Morehouse School of Medicine,140562,891
0,0,Morris Brown College,140571,253
32856,32932,North Georgia Technical College,140678,2449
42691,55232,Oglethorpe University,140696,1491
25240,33338,Paine College,140720,310
43761,49130,Piedmont University,140818,1843
74706,106192,Miami Ad School-Atlanta,140827,67
40411,46541,Reinhardt University,140872,1141
31124,33018,Savannah Technical College,140942,3642
34110,45954,Savannah College of Art and Design,140951,16414
27494,37981,Savannah State University,140960,2945
41860,44604,Shorter University,140988,1515
28744,30364,South Georgia Technical College,141006,1799
45676,59993,Spelman College,141060,3102
45305,49716,Thomas University,141167,1531
33131,36630,Toccoa Falls College,141185,2046
39193,46700,Truett McConnell University,141237,2796
28338,30864,Wiregrass Georgia Technical College,141255,4003
39416,49361,Valdosta State University,141264,10209
35630,44317,Wesleyan College,141325,660
41000,49587,University of West Georgia,141334,11893
36389,47195,Young Harris College,141361,1511
48660,52343,Chaminade University of Honolulu,141486,2369
37204,47856,University of Hawaii at Hilo,141565,2977
45701,57624,University of Hawaii at Manoa,141574,19074
17489,25235,Hawaii Institute of Hair Design,141608,52
48773,59593,Hawaii Pacific University,141644,4876
36127,45105,Honolulu Community College,141680,3069
38265,44599,Kapiolani Community College,141796,5828
31592,36868,Kauai Community College,141802,1308
33997,39899,Leeward Community College,141811,6221
28263,34453,University of Hawaii Maui College,141839,2472
44352,52075,University of Hawaii-West Oahu,141981,2913
30631,38439,Windward Community College,141990,2384
37283,43731,Carrington College-Boise,142054,403
32662,33140,Boise Bible College,142090,96
45251,51658,Boise State University,142115,26115
37934,42057,College of Eastern Idaho,142179,2333
41377,45608,Idaho State University,142276,12301
42602,54670,University of Idaho,142285,11507
42097,48473,The College of Idaho,142294,1082
42133,46001,Lewis-Clark State College,142328,3746
21804,26171,Aveda Institute-Twin Falls,142407,87
34391,40081,North Idaho College,142443,4296
45488,51719,Northwest Nazarene University,142461,1778
0,22209,Nathan Layne Institute of Cosmetology,142489,60
40447,53406,Brigham Young University-Idaho,142522,43023
35642,40916,College of Southern Idaho,142559,8096
0,0,Adler University,142832,1841
25368,34324,American Academy of Art College,142887,111
0,0,American Islamic College,142957,19
26742,40151,School of the Art Institute of Chicago,143048,3532
49849,62971,Augustana College,143084,2349
51237,58709,Aurora University,143118,5918
30872,36884,Southwestern Illinois College,143215,7188
0,0,Bethany Theological Seminary,143233,79
34022,37253,Black Hawk College,143279,3773
36665,46802,Blackburn College,143288,382
67602,72430,Blessing Rieman College of Nursing and Health Sciences,143297,167
59114,66852,Bradley University,143358,5552
19886,28378,Paul Mitchell the School-Tinley Park,143376,229
17987,24513,Cameo Beauty Academy,143464,100
18633,26970,Cannella School of Hair Design-Villa Park,143473,31
14597,18132,Cannella School of Hair Design-Chicago,143482,29
21868,29075,Cannella School of Hair Design-Chicago,143491,39
19302,26804,Capri Beauty College,143552,51
31149,35274,Carl Sandburg College,143613,1688
0,0,Catholic Theological Union at Chicago,143659,213
0,0,Midwestern University-Downers Grove,143853,2758
51817,56899,The Chicago School at Chicago,143978,1296
33805,42778,Chicago State University,144005,2317
0,0,Chicago Theological Seminary,144014,195
80870,91885,University of Chicago,144050,18339
22119,28467,City Colleges of Chicago-Kennedy-King College,144157,2237
26891,32427,City Colleges of Chicago-Malcolm X College,144166,7314
23378,31114,City Colleges of Chicago-Olive-Harvey College,144175,2101
30439,36484,City Colleges of Chicago-Harry S Truman College,144184,5289
31509,37962,City Colleges of Chicago-Richard J Daley College,144193,4787
29483,36531,City Colleges of Chicago-Harold Washington College,144209,5559
33808,41625,City Colleges of Chicago-Wilbur Wright College,144218,7508
32596,42195,Columbia College Chicago,144281,6646
44405,54089,Concordia University-Chicago,144351,5354
34443,34867,Danville Area Community College,144564,1924
14697,18077,Tricoci University of Beauty Culture,144573,142
54695,68751,DePaul University,144740,20917
25231,29779,Cosmetology & Spa Academy,144795,359
38925,46909,College of DuPage,144865,21939
21236,29963,East-West University,144883,529
42694,51989,Eastern Illinois University,144892,8857
39007,45516,Elgin Community College,144944,8910
52803,61462,Elmhurst University,144962,3731
42968,51641,Eureka College,144971,559
34254,36196,First Institute of Travel Inc.,145099,274
40654,41539,Fox College,145239,252
0,0,Garrett-Evangelical Theological Seminary,145275,280
18527,19219,Gem City College,145309,41
45435,58169,Governors State University,145336,4427
58704,63586,Graham Hospital School of Nursing,145354,43
40307,46827,Greenville University,145372,1088
29752,29032,G Skin & Beauty Institute,145406,378
20915,23568,Hair Professionals Career College,145424,62
22166,23412,Hair Professionals School of Cosmetology,145433,97
32793,33291,Hebrew Theological College,145497,160
33425,37928,Highland Community College,145521,1184
0,0,Rosalind Franklin University of Medicine and Science,145558,1940
53218,68740,University of Illinois Chicago,145600,33747
50222,63446,Benedictine University,145619,3123
0,0,Illinois College of Optometry,145628,481
64802,81054,University of Illinois Urbana-Champaign,145637,56916
56082,70871,Illinois Wesleyan University,145646,1527
32988,37366,Illinois Central College,145682,7044
40110,52575,Illinois College,145691,1029
34213,37533,Olney Central College,145707,869
70803,82592,Illinois Institute of Technology,145725,6943
50599,62117,Illinois State University,145813,20683
34932,40810,Illinois Valley Community College,145831,2371
0,0,Institute for Clinical Social Work,145886,119
29460,34096,John A Logan College,146205,3272
35052,38631,John Wood Community College,146278,1718
36334,42889,Joliet Junior College,146296,10212
45374,56313,Judson University,146339,973
33835,38767,Kankakee Community College,146348,2333
33095,38801,Kaskaskia College,146366,3370
32532,39657,Kishwaukee College,146418,2581
37757,54820,Knox College,146427,1058
22718,21949,Educators of Beauty College of Cosmetology-Peru,146454,28
36407,43424,College of Lake County,146472,11651
51324,61825,Lake Forest College,146481,1753
0,0,Lake Forest Graduate School of Management,146490,295
33693,38877,Lake Land College,146506,3742
74789,84522,Lakeview College of Nursing,146533,116
35365,37724,Lewis and Clark Community College,146603,3973
56095,66099,Lewis University,146612,6513
35416,43038,Lincoln Christian University,146667,258
33145,38479,Lincoln Land Community College,146685,4444
36485,38683,Lincoln College of Technology-Melrose Park,146700,1209
58411,71530,Loyola University Chicago,146719,16899
0,0,Lutheran School of Theology at Chicago,146728,133
62487,58743,Trinity College of Nursing & Health Sciences,146755,101
21758,29592,Steven Papageorge Hair Academy,146807,64
31406,34706,Generations College,146816,303
0,0,McCormick Theological Seminary,146977,162
36496,45143,McHenry County College,147004,8874
49439,58572,McKendree University,147013,1960
0,0,Meadville Theological School of Lombard College,147031,69
64709,69800,Methodist College,147129,456
43100,51262,Millikin University,147244,1807
43158,51110,Monmouth College,147341,767
40210,45399,Moody Bible Institute,147369,2410
34943,43892,Moraine Valley Community College,147378,10511
46238,63571,Morrison Institute of Technology,147396,67
34053,42406,Morton College,147411,3753
43562,45799,National Louis University,147536,7525
44332,58723,National University of Health Sciences,147590,498
25473,20303,Cosmetology Concepts Niles,147642,53
51762,60123,North Central College,147660,2695
49326,59572,North Park University,147679,2656
0,0,Northern Baptist Theological Seminary,147697,374
46113,57808,Northern Illinois University,147703,15649
76844,89363,Northwestern University,147767,23161
43801,52234,Northeastern Illinois University,147776,5756
38528,47852,Oakton College,147800,7645
18769,18890,Oehrlein School of Cosmetology,147819,36
49278,53213,Olivet Nazarene University,147828,3255
34215,38320,Parkland College,147916,5686
30388,36696,Prairie State College,148007,2680
0,0,Principia College,148016,323
20060,30341,Professional's Choice Hair Design Academy,148098,48
43331,50369,Quincy University,148131,1307
29814,35775,Rend Lake College,148256,2017
32459,38793,Richland Community College,148292,2075
34774,39158,Rock Valley College,148380,5861
45847,54794,Rockford University,148405,1181
42896,48712,Roosevelt University,148487,3725
47907,60327,Dominican University,148496,3196
86865,75194,Rush University,148511,2870
69519,72850,Saint Francis Medical Center College of Nursing,148575,371
56648,63926,University of St Francis,148584,3297
68248,86331,St. John's College-Department of Nursing,148593,94
50784,58656,Saint Xavier University,148627,3523
47432,57103,University of Illinois Springfield,148654,4198
35185,40458,Sauk Valley Community College,148672,1386
27902,32999,Shawnee Community College,148821,1174
31348,35723,St. Augustine College,148876,680
0,0,University of Saint Mary of the Lake,148885,204
29254,33763,Southeastern Illinois College,148937,1379
39136,37120,National Latino Education Institute,148955,
0,0,Spertus College,148982,99
34424,38386,Spoon River College,148991,1212
76111,77709,Saint Anthony College of Nursing,149028,242
18716,21463,Educators of Beauty College of Cosmetology-Sterling,149204,39
43087,53390,Southern Illinois University-Carbondale,149222,11107
46384,56346,Southern Illinois University-Edwardsville,149231,12519
19077,25559,Taylor Business Institute,149310,175
0,0,Telshe Yeshiva-Chicago,149329,90
27389,33680,South Suburban College,149365,3905
48107,55700,Trinity Christian College,149505,908
41545,46989,Trinity International University-Illinois,149514,1242
35001,41728,Triton College,149532,8616
24853,27084,University of Spa & Cosmetology Arts,149550,147
45704,47863,VanderCook College of Music,149639,263
39016,44788,Waubonsee Community College,149727,7491
43057,54163,Western Illinois University,149772,7643
50270,63756,Wheaton College,149781,2885
40035,48071,William Rainey Harper College,149842,12434
44396,48899,Anderson University,150066,1290
44394,51833,Ball State University,150136,19777
44271,48860,Bethel University,150145,1292
61627,77235,Butler University,150163,5525
39342,46945,Calumet College of Saint Joseph,150172,658
0,0,Christian Theological Seminary,150215,152
41363,43927,College of Court Reporting Inc,150251,186
0,0,Concordia Theological Seminary,150288,294
24828,22374,Tricoci University of Beauty Culture-Highland,150303,288
58476,70527,DePauw University,150400,1752
12608,19976,Don Roberts School of Hair Design,150428,16
35430,50797,Earlham College,150455,677
46734,53770,University of Evansville,150534,2016
45635,55376,Franklin College,150604,959
43218,51943,Goshen College,150668,768
41463,45411,Grace College and Theological Seminary,150677,2065
42876,53957,Hanover College,150756,1124
19563,26999,J Michael Harrold Beauty Academy,150765,116
41335,50416,Holy Cross College,150774,434
19526,22402,PJ's College of Cosmetology-Clarksville,150853,215
40702,46672,Huntington University,150941,1472
32680,37186,Ivy Tech Community College,150987,89705
42873,45872,Purdue University Fort Wayne,151102,9069
47173,55198,Indiana University-Indianapolis,151111,25979
46452,53610,University of Indianapolis,151263,5176
29717,47327,Indiana Institute of Technology,151290,2595
42323,47605,University of Southern Indiana,151306,9178
41047,48387,Indiana State University,151324,8658
42134,49917,Indiana University-Kokomo,151333,2846
41388,44947,Indiana University-South Bend,151342,4326
53417,63742,Indiana University-Bloomington,151351,47005
39714,43361,Indiana University-Northwest,151360,3198
42290,47596,Indiana University-Southeast,151379,3672
44827,47156,Indiana University-East,151388,3039
33081,38146,International Business College-Indianapolis,151467,167
14203,14236,Taylor Institute of Cosmetology II,151564,43
24769,26446,Tricoci University of Beauty Culture-Lafayette,151607,100
42500,46396,Lincoln College of Technology-Indianapolis,151661,889
43024,51504,Manchester University,151777,1217
55704,58759,Marian University,151786,3701
51329,59986,Indiana Wesleyan University-Marion,151801,2603
25539,22544,Martin University,151810,187
0,0,Anabaptist Mennonite Biblical Seminary,151865,132
42193,44505,Mid-America College of Funeral Service,151962,352
16848,0,West Michigan College of Barbering and Beauty,152044,83
86210,99980,University of Notre Dame,152080,13105
43190,43283,Oakland City University,152099,880
16731,24039,PJ's College of Cosmetology-Richmond,152150,65
18345,23187,Ravenscroft Beauty College,152275,119
16631,22590,Rogers Academy of Hair Design,152309,93
85935,101253,Rose-Hulman Institute of Technology,152318,2188
47944,55362,University of Saint Francis-Fort Wayne,152336,1903
41863,43845,Saint Mary-of-the-Woods College,152381,1147
53470,59354,Saint Mary's College,152390,1519
0,0,Saint Meinrad School of Theology,152451,175
57337,65230,Saint Elizabeth School of Nursing,152497,144
45142,52198,Taylor University,152530,2221
53010,57165,Trine University,152567,4088
55216,63191,Valparaiso University,152600,2958
19807,20064,Vincennes Beauty College,152628,28
35834,41110,Vincennes University,152637,16773
52667,69952,Wabash College,152673,835
65078,71261,Allen College,152798,497
48338,54475,Briar Cliff University,152992,927
43572,49156,Buena Vista University,153001,1973
24838,28266,Capri College-Dubuque,153074,175
23433,29307,Capri College-Cedar Rapids,153083,142
49115,54317,Central College,153108,1169
49157,55396,Clarke University,153126,965
47136,57125,Coe College,153144,1264
39299,53460,Cornell College,153162,1074
39349,41018,Des Moines Area Community College,153214,21637
0,0,Divine Word College,153241,68
50551,52559,Dordt University,153250,1861
58233,71901,Drake University,153269,4685
44960,51190,University of Dubuque,153278,1776
31739,40562,Ellsworth Community College,153296,718
34653,42631,Emmaus Bible College,153302,206
34717,39060,Eastern Iowa Community College District,153311,7145
33372,40650,Faith Baptist Bible College and Theological Seminary,153320,448
40792,47361,Graceland University-Lamoni,153366,1237
47582,52824,Grand View University,153375,1827
49004,62830,Grinnell College,153384,1759
35488,37008,Orion Technical College,153427,75
39099,42849,Hawkeye Community College,153445,4787
17836,28724,American Hair Academy,153463,20
38540,40507,Indian Hills Community College,153472,3361
35830,42046,Iowa Central Community College,153524,5058
37209,43108,Iowa Lakes Community College,153533,1960
0,0,UnityPoint Health-Des Moines School of Radiologic Technology,153542,19
25884,25803,Iowa School of Beauty-Des Moines,153597,77
53873,63386,Iowa State University,153603,29969
35628,42793,Iowa Western Community College,153630,5938
52696,64762,University of Iowa,153658,30015
37525,41016,Kirkwood Community College,153737,12406
21855,25575,La James International College-Cedar Falls,153746,39
24808,27401,La James International College-Johnston,153764,57
20024,27484,La James College of Hairstyling and Cosmetology,153773,59
20209,26679,La James International College-Ft Dodge,153782,21
46069,58289,Loras College,153825,1299
49541,59850,Luther College,153834,1610
26468,27981,Maharishi International University,153861,2673
36574,41010,Marshalltown Community College,153922,1707
53375,62234,Mercy College of Health Sciences,153977,911
47687,55494,Morningside University,154004,2249
52871,60787,Mount Mercy University,154013,1526
33397,35404,Ashford University,154022,34190
39491,43462,North Iowa Area Community College,154059,2479
47222,55177,University of Northern Iowa,154095,8945
46731,49802,Northwestern College,154101,1650
38805,41306,Northeast Iowa Community College,154110,4355
49635,50776,Northwest Iowa Community College,154129,1811
0,0,Des Moines University-Osteopathic Medical Center,154156,1526
40025,59483,Palmer College of Chiropractic,154174,2178
26492,31330,PCI Academy-Ames,154208,126
51616,59531,Saint Ambrose University,154235,2747
54850,61033,St Luke's College,154262,196
19736,23303,La James International College-Davenport,154332,96
49946,59274,Simpson College,154350,1151
34355,36882,Southeastern Community College,154378,2476
36878,40129,Southwestern Community College,154396,1581
27848,26932,Capri College-Davenport,154448,146
21111,26654,Iowa School of Beauty-Sioux City,154457,13
26909,17349,SOHO Hair Academy,154466,30
48776,52766,Upper Iowa University,154493,3072
50515,51165,Waldorf University,154518,2763
48795,56201,Wartburg College,154527,1444
0,0,Wartburg Theological Seminary,154536,186
10696,20955,The Salon Professional Academy-Cedar Falls,154545,94
35639,40473,Western Iowa Tech Community College,154572,5150
40189,48936,William Penn University,154590,1473
36480,40059,Allen County Community College,154642,2092
54747,63855,Baker University,154688,2105
36095,40428,Barton County Community College,154697,4269
45000,53175,Benedictine College,154712,2362
40805,49694,Bethany College,154721,744
40808,49898,Bethel College-North Newton,154749,497
35102,41206,Butler Community College,154800,6697
37685,44468,Central Christian College of Kansas,154855,571
34705,39883,Cloud County Community College,154907,1652
30267,35246,Coffeyville Community College,154925,1474
38878,41889,Colby Community College,154934,1380
33469,37723,Cowley County Community College,154952,2230
35682,45427,Dodge City Community College,154998,1670
34791,35715,Donnelly College,155007,358
41389,47601,Emporia State University,155025,5324
43014,47007,Flint Hills Technical College,155052,1610
44428,48928,Fort Hays State University,155061,12949
35820,36355,Barclay College,155070,169
42960,52113,Friends University,155089,1724
30641,37213,Fort Scott Community College,155098,1499
34493,41704,Garden City Community College,155104,1914
28425,37043,Haskell Indian Nations University,155140,727
24139,23712,Hays Academy of Hair Design,155159,72
46707,47495,Hesston College,155177,325
35580,41291,Highland Community College,155186,2339
36892,43470,Hutchinson Community College,155195,4960
29674,34941,Independence Community College,155201,809
39003,45387,Johnson County Community College,155210,16497
33845,35242,Concorde Career College-Kansas City,155283,577
34617,40795,Kansas City Kansas Community College,155292,4676
0,0,Kansas Christian College,155308,188
51217,61945,University of Kansas,155317,26708
47051,55041,Newman University,155335,2848
14124,21295,Old Town Barber College-Wichita,155353,76
49330,57262,Kansas State University,155399,19722
44811,51152,Kansas Wesleyan University,155414,859
42881,49774,Washburn Institute of Technology,155423,1157
35424,37818,Labette Community College,155450,1425
44928,51864,Manhattan Area Technical College,155487,909
40023,48860,Manhattan Christian College,155496,132
41446,52084,McPherson College,155511,822
57433,62972,MidAmerica Nazarene University,155520,1508
36917,45966,Neosho County Community College,155566,1638
41498,46928,North Central Kansas Technical College,155593,999
36392,38616,Northwest Kansas Technical College,155618,666
49139,55552,Ottawa University-Ottawa,155627,953
49139,55552,Ottawa University-Kansas City,155636,468
43793,50579,Pittsburg State University,155681,5858
44798,51892,Pratt Community College,155715,1202
54827,59483,University of Saint Mary,155812,1267
39065,42175,Salina Area Technical College,155830,855
37298,41445,Seward County Community College,155858,1663
48034,55646,Southwestern College,155900,1174
40722,45846,Sterling College,155937,706
42896,54058,Tabor College,155973,637
42881,49774,Washburn University,156082,5460
37617,38679,Wichita State University-Campus of Applied Sciences and Technology,156107,5021
44043,51532,Wichita State University,156125,16216
29006,34101,Wichita Technical Institute,156134,907
35174,40573,Alice Lloyd College,156189,565
35563,42368,Asbury University,156213,1650
0,0,Asbury Theological Seminary,156222,1747
30330,34504,Ashland Community and Technical College,156231,2515
49819,62069,Bellarmine University,156286,2970
35676,43150,Berea College,156295,1432
19150,20392,PJ's College of Cosmetology-Bowling Green,156310,279
32195,34242,Southcentral Kentucky Community and Technical College,156338,4732
39897,45500,Brescia University,156356,646
34639,41583,Campbellsville University,156365,11775
32081,36343,Bluegrass Community and Technical College,156392,10318
50073,66240,Centre College,156408,1357
35559,41623,Clear Creek Baptist Bible College,156417,147
21361,23207,Paul Mitchell the School-Lexington,156426,172
58951,61480,Galen College of Nursing-Louisville,156471,4443
39046,45036,University of the Cumberlands,156541,18053
38611,45795,Eastern Kentucky University,156620,14324
32562,36143,Elizabethtown Community and Technical College,156648,5648
0,0,Frontier Nursing University,156727,2335
40393,52074,Georgetown College,156745,1548
16280,18537,PJ's College of Cosmetology-Glasgow,156754,44
26147,29868,Hazard Community and Technical College,156790,2556
24238,28449,Paul Mitchell the School-Louisville,156842,193
31551,35714,Henderson Community College,156851,1506
32645,36323,Hopkinsville Community College,156860,2028
32950,38171,Jefferson Community and Technical College,156921,12053
18903,24148,Summit Salon Academy-Lexington,156967,96
26172,28188,American National University-Pikeville,157021,296
21778,21256,Kentucky Mountain Bible College,157030,78
29640,36382,Kentucky State University,157058,1726
35895,46747,Kentucky Wesleyan College,157076,813
47266,59025,University of Kentucky,157085,31547
39921,42375,Kentucky Christian University,157100,629
0,0,Lexington Theological Seminary,157207,90
34861,41129,Lindsey Wilson College,157216,3159
46571,53899,University of Louisville,157289,22017
0,0,Louisville Presbyterian Theological Seminary,157298,100
31257,35733,Madisonville Community College,157304,3493
27631,32194,Maysville Community and Technical College,157331,3974
40738,44246,Midway University,157377,1441
37131,43197,Morehead State University,157386,8807
38473,44737,Murray State University,157401,9479
34492,36147,Gateway Community and Technical College,157438,4440
42105,50220,Northern Kentucky University,157447,15801
29823,34891,West Kentucky Community and Technical College,157483,5309
34508,48231,University of Pikeville,157535,2434
28106,32954,Big Sandy Community and Technical College,157553,2576
20215,23921,Empire Beauty School-Chenoweth,157614,89
19897,24022,Empire Beauty School-Elizabethtown,157650,106
19174,24397,Empire Beauty School-Dixie,157669,78
19338,23925,Empire Beauty School-Florence,157678,95
27858,30787,Somerset Community College,157711,5529
26999,29482,Southeast Kentucky Community & Technical College,157739,2625
0,0,The Southern Baptist Theological Seminary,157748,4266
42870,49438,Spalding University,157757,1532
34516,38008,Sullivan University,157793,2309
47148,59384,Thomas More University,157809,1958
40447,54705,Transylvania University,157818,979
36529,42002,Union College,157863,970
38156,43889,Western Kentucky University,157951,16493
29573,29558,Central Louisiana Technical Community College,158088,1226
24889,29935,Ayers Career College,158246,128
69636,75071,Baton Rouge General Medical Center School of Nursing & School of Radiologic Technology,158325,110
26552,34502,Bossier Parish Community College,158431,6312
42821,50330,Centenary College of Louisiana,158477,556
0,18603,Cloyd's Beauty School 1 Inc,158538,59
22089,22407,Crescent City Bartending School,158617,636
27129,33305,Delgado Community College,158662,12377
19236,0,Avery James College,158778,64
19304,18298,Denham Springs Beauty School,158787,61
28507,39196,Dillard University,158802,1224
32367,35343,Nunez Community College,158884,2393
25589,41109,Grambling State University,159009,5058
21584,16792,Belbo Beauty Institute,159027,43
56551,68342,ITI Technical College,159197,505
26021,17985,John Jay Beauty College,159328,98
74290,78495,Louisiana State University Health Sciences Center-New Orleans,159373,2740
37284,42205,Louisiana State University-Alexandria,159382,4289
49218,61251,Louisiana State University and Agricultural & Mechanical College,159391,37348
30715,36498,Louisiana State University-Eunice,159407,3038
38467,47477,Louisiana State University-Shreveport,159416,8721
21857,25903,Aveda Arts & Sciences Institute-Baton Rouge,159513,183
19975,23904,Aveda Arts & Sciences Institute-Lafayette,159522,170
17790,16539,Louisiana Academy of Beauty,159531,27
40615,51700,Louisiana Christian University,159568,1026
18228,26459,Opelousas School of Cosmetology,159601,30
44903,52279,Louisiana Tech University,159647,10839
34092,52927,Loyola University New Orleans,159656,4397
38713,46453,McNeese State University,159717,6230
38410,47872,University of New Orleans,159939,7111
0,0,New Orleans Baptist Theological Seminary,159948,1855
38829,45454,Nicholls State University,159966,5883
40430,46769,University of Louisiana at Monroe,159993,8398
31084,32503,Northwest Louisiana Technical Community College,160010,970
39485,47021,Northwestern State University of Louisiana,160038,9389
46296,49316,University of Holy Cross,160065,1122
55851,59419,Franciscan Missionaries of Our Lady University,160074,1228
19184,20239,Pat Goins Beauty Schools formerly Paul Mitchell the School-Shreveport,160117,182
0,22002,Celebrity Stylist Beauty School,160126,37
17263,19411,Pineville Beauty School,160199,41
24647,30334,Aveda Arts & Sciences Institute-Covington,160320,2499
24003,38366,Saint Joseph Seminary College,160409,107
18865,20975,LaSalle Tech,160472,106
28291,32189,Fletcher Technical Community College,160481,2047
26884,31349,Remington College-Lafayette Campus,160524,270
32044,32303,SOWELA Technical Community College,160579,3268
18109,23853,Stevensons Academy of Hair Design,160597,161
37124,46482,Southeastern Louisiana University,160612,13465
33033,43371,Southern University and A & M College,160621,7320
29148,34042,Southern University at New Orleans,160630,1950
22990,33099,Southern University at Shreveport,160649,3154
42668,47089,University of Louisiana at Lafayette,160658,15219
27306,29734,Northshore Technical Community College,160667,5074
50220,63268,Tulane University of Louisiana,160755,13407
40643,52184,Xavier University of Louisiana,160904,3419
0,40264,College of the Atlantic,160959,380
59202,69498,Bates College,160977,1790
40158,35639,Beal University,160995,400
61692,82735,Bowdoin College,161004,1915
0,79840,Maine College of Health Professions,161022,237
31977,42448,Central Maine Community College,161077,3376
60052,80490,Colby College,161086,2299
40444,41704,Eastern Maine Community College,161138,2376
44404,36035,Kennebec Valley Community College,161192,2119
0,65849,The Landing School,161208,46
36467,40342,University of Maine at Augusta,161217,4446
31513,44433,University of Maine at Farmington,161226,1837
61217,51077,University of Maine at Fort Kent,161235,1210
43124,48653,University of Maine,161253,12231
93944,89964,Maine Maritime Academy,161299,897
33793,40956,University of Maine at Presque Isle,161341,1847
48957,55921,University of New England,161457,6434
34802,43348,Northern Maine Community College,161484,783
19338,23925,Empire Beauty School-Maine,161493,155
24333,40778,Maine College of Art & Design,161509,436
52884,59045,Saint Joseph's College of Maine,161518,1478
24126,27803,Spa Tech Institute-Westbrook,161527,248
36780,41661,Southern Maine Community College,161545,6007
47107,49958,University of Southern Maine,161554,7583
40495,44991,Thomas College,161563,1737
31698,37852,Unity Environmental University,161572,4281
0,34407,Washington County Community College,161581,505
33534,38476,Allegany College of Maryland,161688,2578
38890,46219,Anne Arundel Community College,161767,10192
16898,18172,Award Beauty School,161800,147
17672,20080,Baltimore Studio of Hair Design,161855,43
27972,36025,Baltimore City Community College,161864,3538
48197,61335,University of Baltimore,161873,3288
43877,54537,Bowie State University,162007,6275
76545,85035,Capitol Technology University,162061,823
39837,43952,Cecil College,162104,1823
37269,44435,College of Southern Maryland,162122,4868
35022,36301,Chesapeake College,162168,1794
40114,64249,Washington Adventist University,162210,671
42243,46490,Coppin State University,162283,2006
18809,25426,Del-Mar-Va Beauty Academy,162335,54
43206,39756,North American Trade Schools,162371,612
38093,46449,Frederick Community College,162557,5811
43638,55493,Frostburg State University,162584,4068
28920,35823,Garrett College,162609,579
40563,53023,Goucher College,162654,1727
35634,41615,Hagerstown Community College,162690,3504
36741,44608,Harford Community College,162706,4591
48415,57089,Hood College,162760,2056
39195,49020,Howard Community College,162779,8177
24894,21250,Aveda Institute-Maryland,162830,94
86306,87555,Johns Hopkins University,162928,31275
36485,38683,Lincoln College of Technology-Columbia,163028,947
64453,82652,Loyola University Maryland,163046,5238
58051,65287,University of Maryland Global Campus,163204,55838
82754,88174,University of Maryland Baltimore,163259,6931
55137,69960,University of Maryland-Baltimore County,163268,13991
67785,82860,University of Maryland-College Park,163286,40792
33451,45212,Maryland Institute College of Art,163295,1952
34624,47697,University of Maryland Eastern Shore,163338,2518
33189,36368,Fortis Institute-Towson,163347,382
15277,18726,Montgomery Beauty School,163408,83
38251,50159,Montgomery College,163426,17137
40065,50698,Morgan State University,163453,9101
48915,64072,Mount St. Mary's University,163462,2456
0,66330,Ner Israel Rabbinical College,163532,422
20702,20953,Hair Academy,163541,265
63918,65344,Notre Dame of Maryland University,163578,1733
37482,47548,Prince George's Community College,163657,10244
21104,20445,Maryland Beauty Academy of Essex,163815,41
51926,61515,Salisbury University,163851,7123
52286,60110,St. Mary's College of Maryland,163912,1520
34483,51584,St. John's College,163976,541
54302,64390,Towson University,164076,19793
0,0,Maryland University of Integrative Health,164085,701
0,0,United States Naval Academy,164155,4450
54574,62079,Stevenson University,164173,3483
48763,65518,Washington College,164216,955
47879,60663,McDaniel College,164270,3000
32939,36748,Wor-Wic Community College,164313,2438
0,0,Hult International Business School,164368,2176
41451,53124,American International College,164447,2010
62537,77644,Amherst College,164465,1898
63110,46651,Anna Maria College,164492,1436
0,0,Assabet Valley Regional Technical School,164535,54
46029,74895,Assumption University,164562,2059
91354,123938,Babson College,164580,3989
0,0,Bancroft School of Massage Therapy,164599,26
0,34159,Boston Baptist College,164614,43
51548,55383,Bay Path University,164632,2465
86679,120959,Bentley University,164739,5165
26462,33647,Berklee College of Music,164748,8282
36584,38832,Berkshire Community College,164775,1367
58619,62123,Boston Architectural College,164872,747
0,0,Boston Graduate School of Psychoanalysis Inc,164915,155
85717,103937,Boston College,164924,15287
65655,83238,Boston University,164988,36714
52967,77231,Brandeis University,165015,5581
46673,57466,Bridgewater State University,165024,9604
35555,38663,Bristol Community College,165033,5822
0,88084,Signature Healthcare Brockton Hospital School of Nursing,165060,150
39847,47618,Bunker Hill Community College,165112,8365
49215,45998,Cambridge College,165167,2135
39296,43670,Cape Cod Community College,165194,2336
22607,0,Catherine Hinds Institute of Esthetics,165255,186
64815,62200,Laboure College of Healthcare,165264,983
49022,62381,Clark University,165334,3770
0,0,Conway School of Landscape Design,165495,18
46746,54400,Curry College,165529,2052
30046,38109,Dean College,165574,1189
0,0,Diman Regional Technical Institute,165608,44
60455,59009,National Aviation Academy of New England,165635,202
43488,54727,Eastern Nazarene College,165644,535
42799,62832,Emerson College,165662,5891
50180,68245,Emmanuel College,165671,2012
57286,58336,Endicott College,165699,4006
0,32113,Rob Roy Academy-Fall River,165750,32
44366,49669,Fisher College,165802,1421
41999,53874,Fitchburg State University,165820,6554
46611,52349,Framingham State University,165866,4111
50583,57556,Benjamin Franklin Cummings Institute of Technology,165884,513
45839,52119,Gordon College,165936,1628
0,0,Gordon-Conwell Theological Seminary,165945,1334
27778,37132,Greenfield Community College,165981,1419
22195,46938,Hampshire College,166018,508
99572,101817,Harvard University,166027,30631
0,0,Hebrew College,166045,212
30988,51724,Hellenic College-Holy Cross Greek Orthodox School of Theology,166054,131
69984,90543,College of the Holy Cross,166124,3083
32437,37277,Holyoke Community College,166133,3550
45468,49705,Lasell University,166391,1591
86327,101466,Lawrence Memorial Hospital School of Nursing,166407,225
40150,51173,Lesley University,166452,3406
31072,46543,Longy School of Music of Bard College,166489,315
44170,0,Lowell Academy Hairstyling Institute,166498,65
61467,64874,University of Massachusetts-Lowell,166513,17153
60347,71631,University of Massachusetts-Amherst,166629,32229
53521,65865,University of Massachusetts-Boston,166638,15586
37504,52654,Massachusetts Bay Community College,166647,3497
77171,125557,MCPHS University,166656,6824
27090,43582,Massachusetts College of Art and Design,166674,1939
131633,143372,Massachusetts Institute of Technology,166683,11858
80424,82392,Massachusetts Maritime Academy,166692,1425
0,0,University of Massachusetts Chan Medical School,166708,1352
0,0,William James College,166717,897
0,0,Massachusetts School of Barbering,166805,54
38606,46111,Massasoit Community College,166823,4810
54316,75584,Merrimack College,166850,5505
93187,87130,MGH Institute of Health Professions,166869,1353
40318,50651,Middlesex Community College,166887,7770
24780,33022,Montserrat College of Art,166911,296
48590,58418,Mount Holyoke College,166939,2392
37314,41118,Mount Wachusett Community College,166957,2868
0,0,Rob Roy Academy-New Bedford,167039,6
18830,34483,The New England Conservatory of Music,167057,796
0,0,New England College of Optometry,167093,536
0,0,New England Law-Boston,167215,1060
47830,58063,Nichols College,167260,1403
36803,48102,Massachusetts College of Liberal Arts,167288,938
47319,43993,North Bennet Street School,167297,152
40373,45391,North Shore Community College,167312,4391
78413,92538,Northeastern University,167358,30013
36235,42862,Northern Essex Community College,167376,4339
54087,51540,College of Our Lady of the Elms,167394,1275
0,0,Pope St John XXIII National Seminary,167464,47
43642,52506,Quincy College,167525,2602
38351,45949,Quinsigamond Community College,167534,6481
56223,52873,Regis College,167598,3230
40823,38773,Roxbury Community College,167631,1214
0,0,Saint John's Seminary,167677,103
48209,56662,Salem State University,167729,6539
61420,63494,Simmons University,167783,5710
31072,46543,Bard College at Simon's Rock,167792,298
45731,64027,Smith College,167835,2873
0,0,Southeastern Technical Institute,167871,128
43692,48036,Springfield College,167899,2921
35824,36966,Springfield Technical Community College,167905,3945
51475,68804,University of Massachusetts-Dartmouth,167987,7457
63285,77745,Stonehill College,167996,2543
55856,67506,Suffolk University,168005,6734
0,0,Rob Roy Academy-Taunton,168032,5
68337,83214,Tufts University,168148,13431
65961,84803,Wellesley College,168218,2447
71868,82721,Wentworth Institute of Technology,168227,3920
51771,73157,Western New England University,168254,3430
46861,57346,Westfield State University,168263,4702
51607,67725,Wheaton College (Massachusetts),168281,1667
71754,88665,Williams College,168342,2222
85038,103470,Worcester Polytechnic Institute,168421,7308
50233,60624,Worcester State University,168430,5311
42805,55504,Adrian College,168528,1821
48203,58799,Albion College,168546,1456
0,17793,Hillsdale Beauty College,168555,31
33480,41237,Northwestern Technological Institute,168573,731
45720,54742,Alma College,168591,1260
35275,36442,Alpena Community College,168607,1536
43254,53187,Andrews University,168740,2858
40161,49584,Aquinas College,168786,1265
33619,35833,Baker College,168847,4106
33829,35090,Bay de Noc Community College,168883,1969
15559,24471,Bayshire Academy of Beauty Craft Inc,168892,116
48039,58375,Calvin University,169080,3231
0,0,Calvin Theological Seminary,169099,239
36364,38244,Carnegie Institute,169187,104
0,0,Michigan School of Psychology,169220,178
46567,55874,Central Michigan University,169248,14557
27146,32538,Mott Community College,169275,6056
18493,22377,Empire Beauty School-Michigan,169284,263
55077,54186,Cleary University,169327,891
49761,56075,Concordia University Ann Arbor,169363,1203
0,0,Cranbrook Academy of Art,169424,129
33691,44860,College for Creative Studies,169442,1517
47041,45099,Davenport University,169479,5073
21182,22973,David Pressley School of Cosmetology,169503,277
31651,37781,Delta College,169521,7056
44270,26702,Detroit Business Institute-Downriver,169576,108
49665,62575,MIAT College of Technology,169655,1303
64534,71030,University of Detroit Mercy,169716,5360
21514,29392,Dorsey College,169761,480
43148,51793,Eastern Michigan University,169798,14018
0,0,Creative Hair School of Cosmetology,169813,58
47339,54735,Ferris State University,169910,10072
35385,37540,Glen Oaks Community College,169974,1069
80275,94823,Kettering University,169983,1769
32998,40950,Gogebic Community College,169992,837
31450,41663,Grace Christian University,170000,1031
42598,47314,Cornerstone University,170037,1781
35623,38377,Grand Rapids Community College,170055,11803
47840,56118,Grand Valley State University,170082,21648
28240,31053,Great Lakes Christian College,170091,133
28100,34795,Henry Ford College,170240,11204
0,0,Hillsdale College,170286,1678
49727,58427,Hope College,170301,3251
31956,36898,Jackson College,170444,4244
46137,65590,Kalamazoo College,170532,1210
33553,38618,Kalamazoo Valley Community College,170541,6358
34047,38329,Kellogg Community College,170550,3427
31761,35831,Kirtland Community College,170587,1403
21810,22766,Michigan College of Beauty-Monroe,170611,107
30846,34466,Lake Michigan College,170620,2543
42767,49045,Lake Superior State University,170639,1655
35174,39206,Lansing Community College,170657,9573
58827,69151,Lawrence Technological University,170675,2966
16906,20720,M J Murphy Beauty College of Mount Pleasant,170736,52
33875,41596,Macomb Community College,170790,15946
49871,59058,Madonna University,170806,2109
40813,48707,Rochester University,170967,1167
73762,83648,University of Michigan-Ann Arbor,170976,51225
14810,25106,The Michigan Barber School,171012,134
55084,67253,Michigan State University,171100,50023
69672,78198,Michigan Technological University,171128,7063
50389,59649,University of Michigan-Dearborn,171137,8223
45453,53230,University of Michigan-Flint,171146,5985
32868,37319,Mid Michigan College,171155,3382
36394,41646,Monroe County Community College,171225,2398
32490,35499,Montcalm Community College,171234,1603
31662,36549,Muskegon Community College,171304,3446
31314,36594,North Central Michigan College,171395,1560
37996,47107,Northern Michigan University,171456,6970
34918,38167,Northwestern Michigan College,171483,3098
54058,63075,Northwood University,171492,2246
29877,37395,Oakland Community College,171535,13430
49017,58612,Oakland University,171571,16108
42637,47907,The University of Olivet,171599,919
18314,22980,Port Huron Cosmetology College,171775,46
33956,41066,Kuyper College,171881,82
27583,30072,Ross Medical Education Center-Lansing,171988,82
27138,30481,Ross Medical Education Center-Warren,171997,130
26485,30060,Ross Medical Education Center-Flint,172015,76
0,49295,Sacred Heart Major Seminary,172033,338
43530,51955,Saginaw Valley State University,172051,7147
34749,42722,Schoolcraft Community College District,172200,7650
49913,57529,Siena Heights University,172264,1857
33990,40177,St Clair County Community College,172291,3192
33204,37303,Southwestern Michigan College,172307,1807
45592,51732,Spring Arbor University,172334,2396
29458,29376,Michigan Career and Technical Institute,172422,109
0,63450,Thomas M Cooley Law School,172477,564
22381,23043,Twin City Beauty College,172495,248
64114,72081,Walsh College,172608,1218
33799,39449,Washtenaw Community College,172617,10687
21336,29079,Wayne County Community College District,172635,12219
45207,53493,Wayne State University,172644,23630
34841,36115,West Shore Community College,172671,992
24062,0,Paul Mitchell the School-Grand Rapids,172680,110
45356,53562,Western Michigan University,172699,17000
0,0,Western Theological Seminary,172705,433
45418,48300,Academy College,172866,105
46061,49393,Alexandria Technical & Community College,172918,2865
45073,47746,Anoka Technical College,172954,1580
42217,48342,Anoka-Ramsey Community College,172963,7902
48616,58829,Augsburg University,173045,3088
41043,45247,Riverland Community College,173063,3175
41389,42930,Northwest Technical College,173115,721
47469,53755,Bemidji State University,173124,4023
40652,46110,Bethany Lutheran College,173142,830
55145,63764,Bethel University,173160,3546
39389,42162,Central Lakes College-Brainerd,173203,4633
53989,75525,Carleton College,173258,2058
48225,59317,Concordia College at Moorhead,173300,1903
50646,59871,Concordia University-Saint Paul,173328,5544
46398,51938,Dakota County Technical College,173416,2717
40760,47491,Martin Luther College,173452,880
40681,46449,Lake Superior College,173461,3849
41829,45591,Minnesota State Community and Technical College,173559,5282
39894,45285,Minnesota West Community and Technical College,173638,3352
51546,65607,Gustavus Adolphus College,173647,2072
47139,61106,Hamline University,173665,2638
0,0,Hazelden Betty Ford Graduate School,173683,155
46905,49460,Hennepin Technical College,173708,3974
38107,45570,Minnesota North College,173735,3044
32552,34659,Aveda Arts & Sciences Institute Minneapolis,173744,508
43586,49898,Inver Hills Community College,173799,3459
0,0,Luther Seminary,173896,410
46244,63878,Macalester College,173902,2175
40637,45068,South Central College,173911,2602
50098,56922,Minnesota State University-Mankato,173920,14590
74758,79652,Mayo Clinic College of Medicine and Science,173957,1237
54828,64705,Metropolitan State University,174020,6294
57984,69020,University of Minnesota-Twin Cities,174066,54955
51905,58056,University of Minnesota-Crookston,174075,2303
35198,40873,Minneapolis College of Art and Design,174127,821
32872,40086,Minneapolis Community and Technical College,174136,6030
35295,36909,Herzing University-Minneapolis,174154,815
28139,31961,Nova Academy of Cosmetology Woodbury,174190,150
52840,62616,University of Minnesota-Duluth,174233,9675
43163,50919,University of Minnesota-Morris,174251,1068
29411,25410,Model College of Hair Design,174321,115
45873,50527,Minnesota State University Moorhead,174358,4682
